Date,Adj Close,Close,High,Low,Open,Volume
2019-12-23,0.004000000189989805,0.004000000189989805,0.004000000189989805,0.003000000026077032,0.003000000026077032,2525079
2019-12-24,0.004000000189989805,0.004000000189989805,0.004000000189989805,0.004000000189989805,0.004000000189989805,100000
2019-12-27,0.004000000189989805,0.004000000189989805,0.004000000189989805,0.004000000189989805,0.004000000189989805,0
2019-12-30,0.004000000189989805,0.004000000189989805,0.004000000189989805,0.004000000189989805,0.004000000189989805,0
2019-12-31,0.004000000189989805,0.004000000189989805,0.004000000189989805,0.004000000189989805,0.004000000189989805,0
2020-01-02,0.004000000189989805,0.004000000189989805,0.004000000189989805,0.004000000189989805,0.004000000189989805,0
2020-01-03,0.004000000189989805,0.004000000189989805,0.004000000189989805,0.004000000189989805,0.004000000189989805,0
2020-01-06,0.004000000189989805,0.004000000189989805,0.004000000189989805,0.004000000189989805,0.004000000189989805,1000000
2020-01-07,0.003000000026077032,0.003000000026077032,0.004000000189989805,0.003000000026077032,0.004000000189989805,3311291
2020-01-08,0.004000000189989805,0.004000000189989805,0.004000000189989805,0.004000000189989805,0.004000000189989805,100000
2020-01-09,0.004000000189989805,0.004000000189989805,0.004999999888241291,0.004000000189989805,0.004000000189989805,7110998
2020-01-10,0.004999999888241291,0.004999999888241291,0.006000000052154064,0.004000000189989805,0.004999999888241291,15346692
2020-01-13,0.005499999970197678,0.005499999970197678,0.006000000052154064,0.004999999888241291,0.006000000052154064,1434175
2020-01-14,0.004999999888241291,0.004999999888241291,0.004999999888241291,0.004999999888241291,0.004999999888241291,13950000
2020-01-15,0.004999999888241291,0.004999999888241291,0.004999999888241291,0.004999999888241291,0.004999999888241291,0
2020-01-16,0.004999999888241291,0.004999999888241291,0.004999999888241291,0.004999999888241291,0.004999999888241291,75000
2020-01-17,0.003000000026077032,0.003000000026077032,0.004999999888241291,0.003000000026077032,0.004999999888241291,86804070
2020-01-20,0.0035000001080334187,0.0035000001080334187,0.0035000001080334187,0.003000000026077032,0.003000000026077032,10578752
2020-01-21,0.0035000001080334187,0.0035000001080334187,0.004000000189989805,0.003000000026077032,0.004000000189989805,1166583
2020-01-22,0.003000000026077032,0.003000000026077032,0.004000000189989805,0.003000000026077032,0.003000000026077032,1720000
2020-01-23,0.0035000001080334187,0.0035000001080334187,0.004000000189989805,0.003000000026077032,0.004000000189989805,937500
2020-01-24,0.0035000001080334187,0.0035000001080334187,0.0035000001080334187,0.0035000001080334187,0.0035000001080334187,0
2020-01-28,0.0020000000949949026,0.0020000000949949026,0.003000000026077032,0.0020000000949949026,0.003000000026077032,26029014
2020-01-29,0.0024999999441206455,0.0024999999441206455,0.003000000026077032,0.0020000000949949026,0.003000000026077032,702500
2020-01-30,0.0024999999441206455,0.0024999999441206455,0.0024999999441206455,0.0024999999441206455,0.0024999999441206455,0
2020-01-31,0.0020000000949949026,0.0020000000949949026,0.0020000000949949026,0.0020000000949949026,0.0020000000949949026,2283333
2020-02-03,0.0020000000949949026,0.0020000000949949026,0.0020000000949949026,0.0020000000949949026,0.0020000000949949026,45533791
2020-02-04,0.0020000000949949026,0.0020000000949949026,0.0020000000949949026,0.0010000000474974513,0.0010000000474974513,15350000
2020-02-05,0.0020000000949949026,0.0020000000949949026,0.0020000000949949026,0.0020000000949949026,0.0020000000949949026,700000
2020-02-06,0.0010000000474974513,0.0010000000474974513,0.0010000000474974513,0.0010000000474974513,0.0010000000474974513,10100
2020-02-07,0.0020000000949949026,0.0020000000949949026,0.0020000000949949026,0.0020000000949949026,0.0020000000949949026,1000000
2020-02-10,0.0020000000949949026,0.0020000000949949026,0.0020000000949949026,0.0020000000949949026,0.0020000000949949026,0
2020-02-11,0.0020000000949949026,0.0020000000949949026,0.0020000000949949026,0.0020000000949949026,0.0020000000949949026,0
2020-02-12,0.0020000000949949026,0.0020000000949949026,0.0020000000949949026,0.0010000000474974513,0.0020000000949949026,773916
2020-02-13,0.0020000000949949026,0.0020000000949949026,0.0020000000949949026,0.0020000000949949026,0.0020000000949949026,0
2020-02-14,0.0020000000949949026,0.0020000000949949026,0.0020000000949949026,0.0020000000949949026,0.0020000000949949026,0
2020-02-17,0.0020000000949949026,0.0020000000949949026,0.003000000026077032,0.0020000000949949026,0.0020000000949949026,40248938
2020-02-18,0.0020000000949949026,0.0020000000949949026,0.0020000000949949026,0.0020000000949949026,0.0020000000949949026,12096518
2020-02-19,0.0020000000949949026,0.0020000000949949026,0.0020000000949949026,0.0020000000949949026,0.0020000000949949026,4890000
2020-02-20,0.0020000000949949026,0.0020000000949949026,0.0020000000949949026,0.0020000000949949026,0.0020000000949949026,50000
2020-02-21,0.0020000000949949026,0.0020000000949949026,0.0020000000949949026,0.0020000000949949026,0.0020000000949949026,0
2020-02-24,0.0020000000949949026,0.0020000000949949026,0.0020000000949949026,0.0020000000949949026,0.0020000000949949026,4820005
2020-02-25,0.0020000000949949026,0.0020000000949949026,0.0020000000949949026,0.0020000000949949026,0.0020000000949949026,7714997
2020-02-26,0.0020000000949949026,0.0020000000949949026,0.0020000000949949026,0.0020000000949949026,0.0020000000949949026,4149985
2020-02-27,0.0020000000949949026,0.0020000000949949026,0.0020000000949949026,0.0010000000474974513,0.0010000000474974513,1820000
2020-02-28,0.001500000013038516,0.001500000013038516,0.0010000000474974513,0.0010000000474974513,0.0010000000474974513,55000
2020-03-02,0.0020000000949949026,0.0020000000949949026,0.0020000000949949026,0.0010000000474974513,0.0020000000949949026,3525000
2020-03-03,0.0020000000949949026,0.0020000000949949026,0.0024999999441206455,0.0020000000949949026,0.0020000000949949026,1862980
2020-03-04,0.0020000000949949026,0.0020000000949949026,0.0020000000949949026,0.0020000000949949026,0.0020000000949949026,3890023
2020-03-05,0.0024999999441206455,0.0024999999441206455,0.003000000026077032,0.0020000000949949026,0.0020000000949949026,8402024
2020-03-06,0.0024999999441206455,0.0024999999441206455,0.0024999999441206455,0.0020000000949949026,0.0020000000949949026,926666
2020-03-09,0.0020000000949949026,0.0020000000949949026,0.0020000000949949026,0.0020000000949949026,0.0020000000949949026,3754839
2020-03-10,0.0020000000949949026,0.0020000000949949026,0.0020000000949949026,0.0020000000949949026,0.0020000000949949026,4794990
2020-03-11,0.0020000000949949026,0.0020000000949949026,0.0020000000949949026,0.0020000000949949026,0.0020000000949949026,1083611
2020-03-12,0.0020000000949949026,0.0020000000949949026,0.0020000000949949026,0.0020000000949949026,0.0020000000949949026,1365000
2020-03-13,0.001500000013038516,0.001500000013038516,0.0020000000949949026,0.0010000000474974513,0.0020000000949949026,748338
2020-03-16,0.001500000013038516,0.001500000013038516,0.001500000013038516,0.001500000013038516,0.001500000013038516,0
2020-03-17,0.001500000013038516,0.001500000013038516,0.001500000013038516,0.001500000013038516,0.001500000013038516,0
2020-03-18,0.001500000013038516,0.001500000013038516,0.0010000000474974513,0.0010000000474974513,0.0010000000474974513,1500000
2020-03-19,0.0020000000949949026,0.0020000000949949026,0.0020000000949949026,0.0020000000949949026,0.0020000000949949026,500000
2020-03-20,0.0020000000949949026,0.0020000000949949026,0.0020000000949949026,0.0020000000949949026,0.0020000000949949026,1000000
2020-03-23,0.0020000000949949026,0.0020000000949949026,0.0020000000949949026,0.0020000000949949026,0.0020000000949949026,1000000
2020-03-24,0.0020000000949949026,0.0020000000949949026,0.0020000000949949026,0.0020000000949949026,0.0020000000949949026,0
2020-03-25,0.0020000000949949026,0.0020000000949949026,0.0020000000949949026,0.0020000000949949026,0.0020000000949949026,0
2020-03-26,0.001500000013038516,0.001500000013038516,0.0020000000949949026,0.0010000000474974513,0.0010000000474974513,59337084
2020-03-27,0.0010000000474974513,0.0010000000474974513,0.0010000000474974513,0.0010000000474974513,0.0010000000474974513,65340361
2020-03-30,0.0010000000474974513,0.0010000000474974513,0.0010000000474974513,0.0010000000474974513,0.0010000000474974513,5500000
2020-03-31,0.0010000000474974513,0.0010000000474974513,0.0010000000474974513,0.0010000000474974513,0.0010000000474974513,9889800
2020-04-01,0.0010000000474974513,0.0010000000474974513,0.0010000000474974513,0.0010000000474974513,0.0010000000474974513,1599910
2020-04-02,0.0010000000474974513,0.0010000000474974513,0.0010000000474974513,0.0010000000474974513,0.0010000000474974513,0
2020-04-03,0.0010000000474974513,0.0010000000474974513,0.0010000000474974513,0.0010000000474974513,0.0010000000474974513,18452010
2020-04-06,0.001500000013038516,0.001500000013038516,0.0020000000949949026,0.0010000000474974513,0.0020000000949949026,2350000
2020-04-07,0.001500000013038516,0.001500000013038516,0.001500000013038516,0.001500000013038516,0.001500000013038516,0
2020-04-08,0.001500000013038516,0.001500000013038516,0.001500000013038516,0.001500000013038516,0.001500000013038516,0
2020-04-09,0.001500000013038516,0.001500000013038516,0.0010000000474974513,0.0010000000474974513,0.0010000000474974513,50000
2020-04-14,0.0010000000474974513,0.0010000000474974513,0.0010000000474974513,0.0010000000474974513,0.0010000000474974513,4294142
2020-04-15,0.001500000013038516,0.001500000013038516,0.001500000013038516,0.0010000000474974513,0.0010000000474974513,570000
2020-04-16,0.001500000013038516,0.001500000013038516,0.0020000000949949026,0.0010000000474974513,0.0020000000949949026,804775
2020-04-17,0.001500000013038516,0.001500000013038516,0.001500000013038516,0.001500000013038516,0.001500000013038516,0
2020-04-20,0.001500000013038516,0.001500000013038516,0.001500000013038516,0.0010000000474974513,0.0010000000474974513,1800000
2020-04-21,0.001500000013038516,0.001500000013038516,0.001500000013038516,0.001500000013038516,0.001500000013038516,0
2020-04-22,0.001500000013038516,0.001500000013038516,0.001500000013038516,0.001500000013038516,0.001500000013038516,0
2020-04-23,0.0010000000474974513,0.0010000000474974513,0.0010000000474974513,0.0010000000474974513,0.0010000000474974513,970001
2020-04-24,0.0020000000949949026,0.0020000000949949026,0.0020000000949949026,0.0010000000474974513,0.0010000000474974513,1849999
2020-04-27,0.001500000013038516,0.001500000013038516,0.0020000000949949026,0.0010000000474974513,0.0020000000949949026,5080000
2020-04-28,0.001500000013038516,0.001500000013038516,0.0020000000949949026,0.0010000000474974513,0.0020000000949949026,2622730
2020-04-29,0.0010000000474974513,0.0010000000474974513,0.0010000000474974513,0.0010000000474974513,0.0010000000474974513,980000
2020-04-30,0.0010000000474974513,0.0010000000474974513,0.0010000000474974513,0.0010000000474974513,0.0010000000474974513,2476000
2020-05-01,0.0010000000474974513,0.0010000000474974513,0.0010000000474974513,0.0010000000474974513,0.0010000000474974513,0
2020-05-04,0.0010000000474974513,0.0010000000474974513,0.0010000000474974513,0.0010000000474974513,0.0010000000474974513,0
2020-05-05,0.0010000000474974513,0.0010000000474974513,0.0010000000474974513,0.0010000000474974513,0.0010000000474974513,263500
2020-05-06,0.0010000000474974513,0.0010000000474974513,0.0010000000474974513,0.0010000000474974513,0.0010000000474974513,0
2020-05-07,0.0010000000474974513,0.0010000000474974513,0.0010000000474974513,0.0010000000474974513,0.0010000000474974513,0
2020-05-08,0.0010000000474974513,0.0010000000474974513,0.0010000000474974513,0.0010000000474974513,0.0010000000474974513,0
2020-05-11,0.0010000000474974513,0.0010000000474974513,0.0010000000474974513,0.0010000000474974513,0.0010000000474974513,300000
2020-05-12,0.0010000000474974513,0.0010000000474974513,0.0010000000474974513,0.0010000000474974513,0.0010000000474974513,5900000
2020-05-13,0.0010000000474974513,0.0010000000474974513,0.0010000000474974513,0.0010000000474974513,0.0010000000474974513,1200000
2020-05-14,0.0010000000474974513,0.0010000000474974513,0.0010000000474974513,0.0010000000474974513,0.0010000000474974513,1000000
2020-05-15,0.0010000000474974513,0.0010000000474974513,0.0010000000474974513,0.0010000000474974513,0.0010000000474974513,2990000
2020-05-18,0.0010000000474974513,0.0010000000474974513,0.0010000000474974513,0.0010000000474974513,0.0010000000474974513,1000000
2020-05-19,0.0010000000474974513,0.0010000000474974513,0.0010000000474974513,0.0010000000474974513,0.0010000000474974513,120000
2020-05-20,0.0010000000474974513,0.0010000000474974513,0.0010000000474974513,0.0010000000474974513,0.0010000000474974513,100000
2020-05-21,0.0010000000474974513,0.0010000000474974513,0.0010000000474974513,0.0010000000474974513,0.0010000000474974513,2000000
2020-05-22,0.0010000000474974513,0.0010000000474974513,0.0010000000474974513,0.0010000000474974513,0.0010000000474974513,0
2020-05-25,0.0010000000474974513,0.0010000000474974513,0.0010000000474974513,0.0010000000474974513,0.0010000000474974513,0
2020-05-26,0.0010000000474974513,0.0010000000474974513,0.0010000000474974513,0.0010000000474974513,0.0010000000474974513,0
2020-05-27,0.0010000000474974513,0.0010000000474974513,0.0010000000474974513,0.0010000000474974513,0.0010000000474974513,0
2020-05-28,0.0010000000474974513,0.0010000000474974513,0.0010000000474974513,0.0010000000474974513,0.0010000000474974513,859717
2020-05-29,0.0010000000474974513,0.0010000000474974513,0.0010000000474974513,0.0010000000474974513,0.0010000000474974513,0
2020-06-01,0.001500000013038516,0.001500000013038516,0.0020000000949949026,0.0010000000474974513,0.0020000000949949026,750000
2020-06-02,0.0020000000949949026,0.0020000000949949026,0.0020000000949949026,0.0020000000949949026,0.0020000000949949026,1120000
2020-06-03,0.0020000000949949026,0.0020000000949949026,0.0020000000949949026,0.0020000000949949026,0.0020000000949949026,1250000
2020-06-04,0.0020000000949949026,0.0020000000949949026,0.0020000000949949026,0.0020000000949949026,0.0020000000949949026,0
2020-06-05,0.0020000000949949026,0.0020000000949949026,0.0020000000949949026,0.0020000000949949026,0.0020000000949949026,0
2020-06-09,0.0010000000474974513,0.0010000000474974513,0.0020000000949949026,0.0010000000474974513,0.0020000000949949026,46260551
2020-06-10,0.0020000000949949026,0.0020000000949949026,0.0020000000949949026,0.0010000000474974513,0.0020000000949949026,1014025
2020-06-11,0.001500000013038516,0.001500000013038516,0.0010000000474974513,0.0010000000474974513,0.0010000000474974513,640025
2020-06-12,0.0010000000474974513,0.0010000000474974513,0.001500000013038516,0.0010000000474974513,0.0010000000474974513,4784700
2020-06-15,0.001500000013038516,0.001500000013038516,0.0010000000474974513,0.0010000000474974513,0.0010000000474974513,500000
2020-06-16,0.001500000013038516,0.001500000013038516,0.001500000013038516,0.001500000013038516,0.001500000013038516,0
2020-06-17,0.001500000013038516,0.001500000013038516,0.001500000013038516,0.0010000000474974513,0.0010000000474974513,1572000
2020-06-18,0.001500000013038516,0.001500000013038516,0.001500000013038516,0.001500000013038516,0.001500000013038516,0
2020-06-19,0.001500000013038516,0.001500000013038516,0.001500000013038516,0.001500000013038516,0.001500000013038516,0
2020-06-22,0.001500000013038516,0.001500000013038516,0.001500000013038516,0.001500000013038516,0.001500000013038516,0
2020-06-23,0.001500000013038516,0.001500000013038516,0.001500000013038516,0.001500000013038516,0.001500000013038516,0
2020-06-24,0.0010000000474974513,0.0010000000474974513,0.0020000000949949026,0.0010000000474974513,0.0020000000949949026,10150000
2020-06-25,0.0010000000474974513,0.0010000000474974513,0.0010000000474974513,0.0010000000474974513,0.0010000000474974513,6521730
2020-06-26,0.0010000000474974513,0.0010000000474974513,0.001500000013038516,0.0010000000474974513,0.0010000000474974513,1255006
2020-06-29,0.001500000013038516,0.001500000013038516,0.001500000013038516,0.0010000000474974513,0.0010000000474974513,1581000
2020-06-30,0.0010000000474974513,0.0010000000474974513,0.0010000000474974513,0.0010000000474974513,0.0010000000474974513,725000
2020-07-01,0.001500000013038516,0.001500000013038516,0.001500000013038516,0.0010000000474974513,0.0010000000474974513,1500000
2020-07-02,0.001500000013038516,0.001500000013038516,0.001500000013038516,0.0010000000474974513,0.0010000000474974513,850000
2020-07-03,0.001500000013038516,0.001500000013038516,0.001500000013038516,0.0010000000474974513,0.0010000000474974513,55031367
2020-07-06,0.0010000000474974513,0.0010000000474974513,0.001500000013038516,0.0010000000474974513,0.0010000000474974513,57187078
2020-07-07,0.001500000013038516,0.001500000013038516,0.001500000013038516,0.0010000000474974513,0.0010000000474974513,4250000
2020-07-08,0.001500000013038516,0.001500000013038516,0.0020000000949949026,0.0010000000474974513,0.0020000000949949026,6005000
2020-07-09,0.001500000013038516,0.001500000013038516,0.001500000013038516,0.001500000013038516,0.001500000013038516,0
2020-07-10,0.0010000000474974513,0.0010000000474974513,0.0010000000474974513,0.0010000000474974513,0.0010000000474974513,1000000
2020-07-13,0.001500000013038516,0.001500000013038516,0.0020000000949949026,0.0010000000474974513,0.0020000000949949026,1000000
2020-07-14,0.001500000013038516,0.001500000013038516,0.001500000013038516,0.0010000000474974513,0.0010000000474974513,1500073
2020-07-15,0.001500000013038516,0.001500000013038516,0.001500000013038516,0.001500000013038516,0.001500000013038516,0
2020-07-16,0.0010000000474974513,0.0010000000474974513,0.0010000000474974513,0.0010000000474974513,0.0010000000474974513,79193833
2020-07-17,0.0010000000474974513,0.0010000000474974513,0.0010000000474974513,0.0010000000474974513,0.0010000000474974513,6114667
2020-07-20,0.0010000000474974513,0.0010000000474974513,0.0010000000474974513,0.0010000000474974513,0.0010000000474974513,2300000
2020-07-21,0.0010000000474974513,0.0010000000474974513,0.0010000000474974513,0.0010000000474974513,0.0010000000474974513,0
2020-07-22,0.0010000000474974513,0.0010000000474974513,0.0010000000474974513,0.0010000000474974513,0.0010000000474974513,0
2020-07-23,0.0010000000474974513,0.0010000000474974513,0.0010000000474974513,0.0010000000474974513,0.0010000000474974513,14311666
2020-07-24,0.0010000000474974513,0.0010000000474974513,0.0010000000474974513,0.0010000000474974513,0.0010000000474974513,0
2020-07-27,0.0010000000474974513,0.0010000000474974513,0.0010000000474974513,0.0010000000474974513,0.0010000000474974513,0
2020-07-28,0.0010000000474974513,0.0010000000474974513,0.0010000000474974513,0.0010000000474974513,0.0010000000474974513,29943432
2020-07-29,0.0010000000474974513,0.0010000000474974513,0.0010000000474974513,0.0010000000474974513,0.0010000000474974513,17370001
2020-07-30,0.001500000013038516,0.001500000013038516,0.001500000013038516,0.0010000000474974513,0.0010000000474974513,40006908
2020-07-31,0.0010000000474974513,0.0010000000474974513,0.0020000000949949026,0.0010000000474974513,0.0020000000949949026,133528632
2020-08-03,0.0010000000474974513,0.0010000000474974513,0.0010000000474974513,0.0010000000474974513,0.0010000000474974513,6600000
2020-08-04,0.0010000000474974513,0.0010000000474974513,0.0010000000474974513,0.0010000000474974513,0.0010000000474974513,47458724
2020-08-05,0.0010000000474974513,0.0010000000474974513,0.001500000013038516,0.0010000000474974513,0.0010000000474974513,11042048
2020-08-06,0.0010000000474974513,0.0010000000474974513,0.001500000013038516,0.0010000000474974513,0.0010000000474974513,2202525
2020-08-07,0.0010000000474974513,0.0010000000474974513,0.0010000000474974513,0.0010000000474974513,0.0010000000474974513,35930208
2020-08-10,0.0010000000474974513,0.0010000000474974513,0.0010000000474974513,0.0010000000474974513,0.0010000000474974513,20750000
2020-08-11,0.0010000000474974513,0.0010000000474974513,0.001500000013038516,0.0010000000474974513,0.0010000000474974513,18591693
2020-08-12,0.0010000000474974513,0.0010000000474974513,0.0010000000474974513,0.0010000000474974513,0.0010000000474974513,7427832
2020-08-13,0.0010000000474974513,0.0010000000474974513,0.0010000000474974513,0.0010000000474974513,0.0010000000474974513,26333332
2020-08-14,0.0010000000474974513,0.0010000000474974513,0.0010000000474974513,0.0010000000474974513,0.0010000000474974513,21335097
2020-08-17,0.0010000000474974513,0.0010000000474974513,0.0010000000474974513,0.0010000000474974513,0.0010000000474974513,36348595
2020-08-18,0.0010000000474974513,0.0010000000474974513,0.0010000000474974513,0.0010000000474974513,0.0010000000474974513,250000
2020-08-19,0.0010000000474974513,0.0010000000474974513,0.0010000000474974513,0.0010000000474974513,0.0010000000474974513,9500000
2020-08-20,0.0010000000474974513,0.0010000000474974513,0.0010000000474974513,0.0010000000474974513,0.0010000000474974513,18850000
2020-08-21,0.0010000000474974513,0.0010000000474974513,0.0010000000474974513,0.0010000000474974513,0.0010000000474974513,9087160
2020-08-24,0.0010000000474974513,0.0010000000474974513,0.0010000000474974513,0.0010000000474974513,0.0010000000474974513,500000
2020-08-25,0.001500000013038516,0.001500000013038516,0.001500000013038516,0.0010000000474974513,0.0010000000474974513,2155000
2020-08-26,0.001500000013038516,0.001500000013038516,0.0020000000949949026,0.0010000000474974513,0.0020000000949949026,505000
2020-08-27,0.001500000013038516,0.001500000013038516,0.001500000013038516,0.001500000013038516,0.001500000013038516,0
2020-08-28,0.0010000000474974513,0.0010000000474974513,0.001500000013038516,0.0010000000474974513,0.0010000000474974513,1103290
2020-08-31,0.001500000013038516,0.001500000013038516,0.0020000000949949026,0.0010000000474974513,0.0020000000949949026,4353091
2020-09-01,0.001500000013038516,0.001500000013038516,0.0020000000949949026,0.0010000000474974513,0.0020000000949949026,1605025
2020-09-02,0.0010000000474974513,0.0010000000474974513,0.0010000000474974513,0.0010000000474974513,0.0010000000474974513,2000000
2020-09-03,0.001500000013038516,0.001500000013038516,0.0020000000949949026,0.0010000000474974513,0.0020000000949949026,1511500
2020-09-04,0.001500000013038516,0.001500000013038516,0.001500000013038516,0.0010000000474974513,0.0010000000474974513,19150001
2020-09-07,0.001500000013038516,0.001500000013038516,0.001500000013038516,0.0010000000474974513,0.0010000000474974513,1000000
2020-09-08,0.0010000000474974513,0.0010000000474974513,0.001500000013038516,0.0010000000474974513,0.0010000000474974513,11000000
2020-09-09,0.001500000013038516,0.001500000013038516,0.0010000000474974513,0.0010000000474974513,0.0010000000474974513,2000000
2020-09-10,0.001500000013038516,0.001500000013038516,0.0020000000949949026,0.0010000000474974513,0.0020000000949949026,2910000
2020-09-11,0.001500000013038516,0.001500000013038516,0.001500000013038516,0.001500000013038516,0.001500000013038516,0
2020-09-14,0.001500000013038516,0.001500000013038516,0.0020000000949949026,0.0010000000474974513,0.0020000000949949026,8083236
2020-09-15,0.001500000013038516,0.001500000013038516,0.0020000000949949026,0.0010000000474974513,0.0020000000949949026,3200000
2020-09-16,0.001500000013038516,0.001500000013038516,0.001500000013038516,0.001500000013038516,0.001500000013038516,0
2020-09-17,0.0020000000949949026,0.0020000000949949026,0.0020000000949949026,0.0010000000474974513,0.0020000000949949026,2446001
2020-09-18,0.0020000000949949026,0.0020000000949949026,0.0020000000949949026,0.0010000000474974513,0.0010000000474974513,600001
2020-09-21,0.0020000000949949026,0.0020000000949949026,0.0020000000949949026,0.0020000000949949026,0.0020000000949949026,1362525
2020-09-22,0.0020000000949949026,0.0020000000949949026,0.0020000000949949026,0.0020000000949949026,0.0020000000949949026,8230797
2020-09-23,0.0020000000949949026,0.0020000000949949026,0.0020000000949949026,0.0020000000949949026,0.0020000000949949026,0
2020-09-24,0.0020000000949949026,0.0020000000949949026,0.0020000000949949026,0.0020000000949949026,0.0020000000949949026,2000028
2020-09-25,0.0020000000949949026,0.0020000000949949026,0.0020000000949949026,0.0020000000949949026,0.0020000000949949026,0
2020-09-28,0.0020000000949949026,0.0020000000949949026,0.0020000000949949026,0.0020000000949949026,0.0020000000949949026,600000
2020-09-29,0.0010000000474974513,0.0010000000474974513,0.0010000000474974513,0.0010000000474974513,0.0010000000474974513,500000
2020-09-30,0.0010000000474974513,0.0010000000474974513,0.0010000000474974513,0.0010000000474974513,0.0010000000474974513,700000
2020-10-01,0.0010000000474974513,0.0010000000474974513,0.0010000000474974513,0.0010000000474974513,0.0010000000474974513,0
2020-10-02,0.0010000000474974513,0.0010000000474974513,0.0010000000474974513,0.0010000000474974513,0.0010000000474974513,0
2020-10-05,0.0010000000474974513,0.0010000000474974513,0.0010000000474974513,0.0010000000474974513,0.0010000000474974513,0
2020-10-06,0.0020000000949949026,0.0020000000949949026,0.0020000000949949026,0.0010000000474974513,0.0010000000474974513,1000028
2020-10-07,0.0020000000949949026,0.0020000000949949026,0.0020000000949949026,0.0020000000949949026,0.0020000000949949026,0
2020-10-08,0.001500000013038516,0.001500000013038516,0.001500000013038516,0.0010000000474974513,0.0010000000474974513,3650000
2020-10-09,0.001500000013038516,0.001500000013038516,0.001500000013038516,0.001500000013038516,0.001500000013038516,0
2020-10-12,0.001500000013038516,0.001500000013038516,0.0010000000474974513,0.0010000000474974513,0.0010000000474974513,500000
2020-10-13,0.001500000013038516,0.001500000013038516,0.001500000013038516,0.001500000013038516,0.001500000013038516,0
2020-10-14,0.0010000000474974513,0.0010000000474974513,0.0010000000474974513,0.0010000000474974513,0.0010000000474974513,900000
2020-10-15,0.001500000013038516,0.001500000013038516,0.0020000000949949026,0.0010000000474974513,0.0020000000949949026,750000
2020-10-16,0.001500000013038516,0.001500000013038516,0.001500000013038516,0.0010000000474974513,0.0010000000474974513,1750000
2020-10-19,0.001500000013038516,0.001500000013038516,0.001500000013038516,0.001500000013038516,0.001500000013038516,0
2020-10-20,0.001500000013038516,0.001500000013038516,0.001500000013038516,0.0010000000474974513,0.0010000000474974513,8370000
2020-10-21,0.001500000013038516,0.001500000013038516,0.001500000013038516,0.001500000013038516,0.001500000013038516,0
2020-10-22,0.001500000013038516,0.001500000013038516,0.001500000013038516,0.001500000013038516,0.001500000013038516,0
2020-10-23,0.001500000013038516,0.001500000013038516,0.0020000000949949026,0.0010000000474974513,0.0020000000949949026,2790023
2020-10-26,0.001500000013038516,0.001500000013038516,0.001500000013038516,0.001500000013038516,0.001500000013038516,0
2020-10-27,0.001500000013038516,0.001500000013038516,0.0010000000474974513,0.0010000000474974513,0.0010000000474974513,375000
2020-10-28,0.001500000013038516,0.001500000013038516,0.001500000013038516,0.0010000000474974513,0.0010000000474974513,5230000
2020-10-29,0.001500000013038516,0.001500000013038516,0.001500000013038516,0.001500000013038516,0.001500000013038516,0
2020-10-30,0.001500000013038516,0.001500000013038516,0.0010000000474974513,0.0010000000474974513,0.0010000000474974513,250000
2020-11-02,0.001500000013038516,0.001500000013038516,0.001500000013038516,0.0010000000474974513,0.0010000000474974513,1250000
2020-11-03,0.001500000013038516,0.001500000013038516,0.001500000013038516,0.0010000000474974513,0.0010000000474974513,3434517
2020-11-04,0.001500000013038516,0.001500000013038516,0.001500000013038516,0.001500000013038516,0.001500000013038516,0
2020-11-05,0.0010000000474974513,0.0010000000474974513,0.0010000000474974513,0.0010000000474974513,0.0010000000474974513,1500000
2020-11-06,0.001500000013038516,0.001500000013038516,0.001500000013038516,0.0010000000474974513,0.0010000000474974513,2300000
2020-11-09,0.0010000000474974513,0.0010000000474974513,0.001500000013038516,0.0010000000474974513,0.0010000000474974513,46000050
2020-11-10,0.001500000013038516,0.001500000013038516,0.001500000013038516,0.0010000000474974513,0.0010000000474974513,3990637
2020-11-11,0.001500000013038516,0.001500000013038516,0.001500000013038516,0.001500000013038516,0.001500000013038516,0
2020-11-12,0.001500000013038516,0.001500000013038516,0.001500000013038516,0.001500000013038516,0.001500000013038516,0
2020-11-13,0.001500000013038516,0.001500000013038516,0.001500000013038516,0.001500000013038516,0.001500000013038516,0
2020-11-16,0.001500000013038516,0.001500000013038516,0.001500000013038516,0.001500000013038516,0.001500000013038516,0
2020-11-17,0.001500000013038516,0.001500000013038516,0.001500000013038516,0.001500000013038516,0.001500000013038516,16955210
2020-11-18,0.0010000000474974513,0.0010000000474974513,0.0020000000949949026,0.0010000000474974513,0.0020000000949949026,1750000
2020-11-19,0.0020000000949949026,0.0020000000949949026,0.0020000000949949026,0.0020000000949949026,0.0020000000949949026,3035003
2020-11-20,0.0020000000949949026,0.0020000000949949026,0.0020000000949949026,0.0010000000474974513,0.0020000000949949026,2437993
2020-11-23,0.0020000000949949026,0.0020000000949949026,0.0020000000949949026,0.0020000000949949026,0.0020000000949949026,250000
2020-11-24,0.001500000013038516,0.001500000013038516,0.001500000013038516,0.001500000013038516,0.001500000013038516,900025
2020-11-25,0.001500000013038516,0.001500000013038516,0.001500000013038516,0.001500000013038516,0.001500000013038516,1455210
2020-11-26,0.001500000013038516,0.001500000013038516,0.001500000013038516,0.001500000013038516,0.001500000013038516,750000
2020-11-27,0.001500000013038516,0.001500000013038516,0.0020000000949949026,0.001500000013038516,0.0020000000949949026,2767525
2020-11-30,0.001500000013038516,0.001500000013038516,0.001500000013038516,0.001500000013038516,0.001500000013038516,0
2020-12-01,0.001500000013038516,0.001500000013038516,0.001500000013038516,0.0010000000474974513,0.0010000000474974513,199984178
2020-12-02,0.001500000013038516,0.001500000013038516,0.001500000013038516,0.0010000000474974513,0.0010000000474974513,6499999
2020-12-03,0.001500000013038516,0.001500000013038516,0.001500000013038516,0.0010000000474974513,0.0010000000474974513,4340024
2020-12-04,0.001500000013038516,0.001500000013038516,0.0020000000949949026,0.001500000013038516,0.001500000013038516,3425023
2020-12-07,0.001500000013038516,0.001500000013038516,0.001500000013038516,0.001500000013038516,0.001500000013038516,0
2020-12-08,0.001500000013038516,0.001500000013038516,0.001500000013038516,0.001500000013038516,0.001500000013038516,0
2020-12-09,0.001500000013038516,0.001500000013038516,0.001500000013038516,0.001500000013038516,0.001500000013038516,0
2020-12-10,0.001500000013038516,0.001500000013038516,0.001500000013038516,0.001500000013038516,0.001500000013038516,0
2020-12-11,0.001500000013038516,0.001500000013038516,0.001500000013038516,0.001500000013038516,0.001500000013038516,0
2020-12-14,0.001500000013038516,0.001500000013038516,0.001500000013038516,0.001500000013038516,0.001500000013038516,0
2020-12-15,0.0010000000474974513,0.0010000000474974513,0.001500000013038516,0.0010000000474974513,0.001500000013038516,6635003
2020-12-16,0.0010000000474974513,0.0010000000474974513,0.0010000000474974513,0.0010000000474974513,0.0010000000474974513,0
2020-12-17,0.0010000000474974513,0.0010000000474974513,0.0010000000474974513,0.0010000000474974513,0.0010000000474974513,500000
2020-12-18,0.0010000000474974513,0.0010000000474974513,0.0010000000474974513,0.0010000000474974513,0.0010000000474974513,242912
2020-12-21,0.0010000000474974513,0.0010000000474974513,0.0010000000474974513,0.0010000000474974513,0.0010000000474974513,35000
2020-12-22,0.001500000013038516,0.001500000013038516,0.0020000000949949026,0.001500000013038516,0.0020000000949949026,19691464
2020-12-23,0.001500000013038516,0.001500000013038516,0.001500000013038516,0.0010000000474974513,0.0010000000474974513,4866526
2020-12-24,0.001500000013038516,0.001500000013038516,0.001500000013038516,0.001500000013038516,0.001500000013038516,0
2020-12-29,0.0010000000474974513,0.0010000000474974513,0.0020000000949949026,0.0010000000474974513,0.0020000000949949026,7315033
2020-12-30,0.0010000000474974513,0.0010000000474974513,0.0010000000474974513,0.0010000000474974513,0.0010000000474974513,0
2020-12-31,0.0010000000474974513,0.0010000000474974513,0.0010000000474974513,0.0010000000474974513,0.0010000000474974513,0
2021-01-04,0.001500000013038516,0.001500000013038516,0.001500000013038516,0.0010000000474974513,0.0010000000474974513,7174000
2021-01-05,0.001500000013038516,0.001500000013038516,0.001500000013038516,0.001500000013038516,0.001500000013038516,0
2021-01-06,0.001500000013038516,0.001500000013038516,0.001500000013038516,0.001500000013038516,0.001500000013038516,0
2021-01-07,0.001500000013038516,0.001500000013038516,0.001500000013038516,0.001500000013038516,0.001500000013038516,764025
2021-01-08,0.001500000013038516,0.001500000013038516,0.001500000013038516,0.0010000000474974513,0.0010000000474974513,5099499
2021-01-11,0.0010000000474974513,0.0010000000474974513,0.001500000013038516,0.0010000000474974513,0.0010000000474974513,852120
2021-01-12,0.0010000000474974513,0.0010000000474974513,0.0020000000949949026,0.0010000000474974513,0.0020000000949949026,3898629
2021-01-13,0.0010000000474974513,0.0010000000474974513,0.0010000000474974513,0.0010000000474974513,0.0010000000474974513,0
2021-01-14,0.0010000000474974513,0.0010000000474974513,0.001500000013038516,0.0010000000474974513,0.001500000013038516,2282482
2021-01-15,0.0010000000474974513,0.0010000000474974513,0.0010000000474974513,0.0010000000474974513,0.0010000000474974513,0
2021-01-18,0.0010000000474974513,0.0010000000474974513,0.0010000000474974513,0.0010000000474974513,0.0010000000474974513,0
2021-01-19,0.0020000000949949026,0.0020000000949949026,0.0020000000949949026,0.0010000000474974513,0.0010000000474974513,23655009
2021-01-20,0.0020000000949949026,0.0020000000949949026,0.0020000000949949026,0.0020000000949949026,0.0020000000949949026,4750000
2021-01-21,0.001500000013038516,0.001500000013038516,0.001500000013038516,0.001500000013038516,0.001500000013038516,330000
2021-01-22,0.001500000013038516,0.001500000013038516,0.001500000013038516,0.001500000013038516,0.001500000013038516,3770000
2021-01-25,0.001500000013038516,0.001500000013038516,0.0020000000949949026,0.0010000000474974513,0.0020000000949949026,1172225
2021-01-27,0.0020000000949949026,0.0020000000949949026,0.0020000000949949026,0.001500000013038516,0.0020000000949949026,147649475
2021-01-28,0.0020000000949949026,0.0020000000949949026,0.0024999999441206455,0.0020000000949949026,0.0020000000949949026,13585326
2021-01-29,0.0020000000949949026,0.0020000000949949026,0.0020000000949949026,0.0020000000949949026,0.0020000000949949026,45081290
2021-02-01,0.0020000000949949026,0.0020000000949949026,0.0024999999441206455,0.001500000013038516,0.0020000000949949026,65693867
2021-02-02,0.0020000000949949026,0.0020000000949949026,0.003000000026077032,0.0020000000949949026,0.003000000026077032,33599000
2021-02-03,0.003000000026077032,0.003000000026077032,0.003000000026077032,0.0020000000949949026,0.0020000000949949026,22982833
2021-02-04,0.003000000026077032,0.003000000026077032,0.003000000026077032,0.0020000000949949026,0.0020000000949949026,72546638
2021-02-05,0.003000000026077032,0.003000000026077032,0.004000000189989805,0.003000000026077032,0.003000000026077032,31346643
2021-02-08,0.003000000026077032,0.003000000026077032,0.004000000189989805,0.003000000026077032,0.004000000189989805,88374590
2021-02-09,0.003000000026077032,0.003000000026077032,0.003000000026077032,0.003000000026077032,0.003000000026077032,36122398
2021-02-10,0.003000000026077032,0.003000000026077032,0.003000000026077032,0.003000000026077032,0.003000000026077032,300000
2021-02-11,0.003000000026077032,0.003000000026077032,0.003000000026077032,0.0024999999441206455,0.003000000026077032,29631863
2021-02-12,0.003000000026077032,0.003000000026077032,0.003000000026077032,0.003000000026077032,0.003000000026077032,2794007
2021-02-15,0.0020000000949949026,0.0020000000949949026,0.003000000026077032,0.0020000000949949026,0.003000000026077032,34695000
2021-02-16,0.003000000026077032,0.003000000026077032,0.003000000026077032,0.0024999999441206455,0.003000000026077032,236661421
2021-02-17,0.004000000189989805,0.004000000189989805,0.004999999888241291,0.003000000026077032,0.003000000026077032,340118929
2021-02-18,0.004000000189989805,0.004000000189989805,0.0044999998062849045,0.003000000026077032,0.004000000189989805,129337473
2021-02-19,0.003000000026077032,0.003000000026077032,0.004000000189989805,0.0024999999441206455,0.004000000189989805,209961567
2021-02-22,0.003000000026077032,0.003000000026077032,0.003000000026077032,0.0024999999441206455,0.003000000026077032,40474933
2021-02-23,0.003000000026077032,0.003000000026077032,0.003000000026077032,0.0024999999441206455,0.003000000026077032,9300333
2021-02-24,0.0024999999441206455,0.0024999999441206455,0.003000000026077032,0.0024999999441206455,0.003000000026077032,8322095
2021-02-25,0.003000000026077032,0.003000000026077032,0.0035000001080334187,0.0024999999441206455,0.003000000026077032,79086982
2021-02-26,0.003000000026077032,0.003000000026077032,0.0035000001080334187,0.003000000026077032,0.003000000026077032,26195343
2021-03-01,0.003000000026077032,0.003000000026077032,0.003000000026077032,0.0024999999441206455,0.003000000026077032,59327259
2021-03-02,0.003000000026077032,0.003000000026077032,0.003000000026077032,0.0024999999441206455,0.003000000026077032,17065238
2021-03-03,0.0024999999441206455,0.0024999999441206455,0.003000000026077032,0.0020000000949949026,0.003000000026077032,17974762
2021-03-04,0.0024999999441206455,0.0024999999441206455,0.003000000026077032,0.0024999999441206455,0.003000000026077032,4130000
2021-03-05,0.0024999999441206455,0.0024999999441206455,0.0024999999441206455,0.0020000000949949026,0.0024999999441206455,31700000
2021-03-08,0.0020000000949949026,0.0020000000949949026,0.0024999999441206455,0.0020000000949949026,0.0024999999441206455,16828000
2021-03-09,0.0024999999441206455,0.0024999999441206455,0.003000000026077032,0.0024999999441206455,0.003000000026077032,2840002
2021-03-10,0.0020000000949949026,0.0020000000949949026,0.0024999999441206455,0.0020000000949949026,0.0024999999441206455,342340
2021-03-11,0.0020000000949949026,0.0020000000949949026,0.0024999999441206455,0.0020000000949949026,0.0020000000949949026,5593333
2021-03-12,0.0024999999441206455,0.0024999999441206455,0.0024999999441206455,0.0024999999441206455,0.0024999999441206455,2920000
2021-03-15,0.0024999999441206455,0.0024999999441206455,0.003000000026077032,0.0020000000949949026,0.003000000026077032,4487712
2021-03-16,0.0024999999441206455,0.0024999999441206455,0.0024999999441206455,0.0024999999441206455,0.0024999999441206455,3050000
2021-03-17,0.0020000000949949026,0.0020000000949949026,0.003000000026077032,0.0020000000949949026,0.003000000026077032,2211000
2021-03-18,0.0024999999441206455,0.0024999999441206455,0.0024999999441206455,0.0024999999441206455,0.0024999999441206455,250000
2021-03-19,0.0024999999441206455,0.0024999999441206455,0.0024999999441206455,0.0020000000949949026,0.0020000000949949026,2317000
2021-03-22,0.003000000026077032,0.003000000026077032,0.003000000026077032,0.0020000000949949026,0.0020000000949949026,27756322
2021-03-23,0.0024999999441206455,0.0024999999441206455,0.003000000026077032,0.0024999999441206455,0.003000000026077032,8149999
2021-03-24,0.0024999999441206455,0.0024999999441206455,0.003000000026077032,0.0020000000949949026,0.003000000026077032,632350
2021-03-25,0.0020000000949949026,0.0020000000949949026,0.0020000000949949026,0.0020000000949949026,0.0020000000949949026,2165000
2021-03-26,0.0020000000949949026,0.0020000000949949026,0.0024999999441206455,0.0020000000949949026,0.0020000000949949026,2529187
2021-03-29,0.0024999999441206455,0.0024999999441206455,0.003000000026077032,0.0020000000949949026,0.0020000000949949026,4266001
2021-03-30,0.0020000000949949026,0.0020000000949949026,0.003000000026077032,0.0020000000949949026,0.003000000026077032,1528754
2021-03-31,0.0020000000949949026,0.0020000000949949026,0.0020000000949949026,0.0020000000949949026,0.0020000000949949026,2433199
2021-04-01,0.0024999999441206455,0.0024999999441206455,0.003000000026077032,0.0020000000949949026,0.003000000026077032,7783850
2021-04-06,0.0020000000949949026,0.0020000000949949026,0.003000000026077032,0.0020000000949949026,0.003000000026077032,9830528
2021-04-07,0.0024999999441206455,0.0024999999441206455,0.0024999999441206455,0.0020000000949949026,0.0020000000949949026,3375005
2021-04-08,0.003000000026077032,0.003000000026077032,0.003000000026077032,0.0024999999441206455,0.0024999999441206455,2008333
2021-04-09,0.0024999999441206455,0.0024999999441206455,0.003000000026077032,0.0024999999441206455,0.003000000026077032,750000
2021-04-12,0.0020000000949949026,0.0020000000949949026,0.0020000000949949026,0.0020000000949949026,0.0020000000949949026,67083829
2021-04-13,0.0020000000949949026,0.0020000000949949026,0.0020000000949949026,0.0020000000949949026,0.0020000000949949026,1743081
2021-04-14,0.0024999999441206455,0.0024999999441206455,0.0024999999441206455,0.0020000000949949026,0.0020000000949949026,1000000
2021-04-15,0.0024999999441206455,0.0024999999441206455,0.0024999999441206455,0.0020000000949949026,0.0020000000949949026,1006185
2021-04-16,0.0020000000949949026,0.0020000000949949026,0.003000000026077032,0.0020000000949949026,0.003000000026077032,2000000
2021-04-19,0.0020000000949949026,0.0020000000949949026,0.0020000000949949026,0.0020000000949949026,0.0020000000949949026,6856788
2021-04-20,0.0024999999441206455,0.0024999999441206455,0.0024999999441206455,0.0020000000949949026,0.0020000000949949026,4453331
2021-04-21,0.0020000000949949026,0.0020000000949949026,0.0020000000949949026,0.0020000000949949026,0.0020000000949949026,4730262
2021-04-22,0.0020000000949949026,0.0020000000949949026,0.003000000026077032,0.0020000000949949026,0.003000000026077032,11634547
2021-04-23,0.0020000000949949026,0.0020000000949949026,0.0020000000949949026,0.0020000000949949026,0.0020000000949949026,2868333
2021-04-26,0.003000000026077032,0.003000000026077032,0.003000000026077032,0.0020000000949949026,0.0020000000949949026,8592592
2021-04-27,0.0020000000949949026,0.0020000000949949026,0.0024999999441206455,0.0020000000949949026,0.0020000000949949026,4597255
2021-04-28,0.0020000000949949026,0.0020000000949949026,0.003000000026077032,0.0020000000949949026,0.003000000026077032,6272322
2021-04-29,0.0020000000949949026,0.0020000000949949026,0.0024999999441206455,0.0020000000949949026,0.0024999999441206455,5473542
2021-04-30,0.003000000026077032,0.003000000026077032,0.003000000026077032,0.0020000000949949026,0.0020000000949949026,7801641
2021-05-03,0.0020000000949949026,0.0020000000949949026,0.003000000026077032,0.0020000000949949026,0.003000000026077032,18407814
2021-05-04,0.0020000000949949026,0.0020000000949949026,0.0020000000949949026,0.0020000000949949026,0.0020000000949949026,1123065
2021-05-05,0.0020000000949949026,0.0020000000949949026,0.0024999999441206455,0.0020000000949949026,0.0024999999441206455,1225028
2021-05-06,0.0020000000949949026,0.0020000000949949026,0.0020000000949949026,0.0020000000949949026,0.0020000000949949026,1860000
2021-05-07,0.0020000000949949026,0.0020000000949949026,0.0020000000949949026,0.0020000000949949026,0.0020000000949949026,4930000
2021-05-10,0.0020000000949949026,0.0020000000949949026,0.0020000000949949026,0.001500000013038516,0.0020000000949949026,95416190
2021-05-11,0.0020000000949949026,0.0020000000949949026,0.0020000000949949026,0.0020000000949949026,0.0020000000949949026,11249841
2021-05-12,0.0020000000949949026,0.0020000000949949026,0.0020000000949949026,0.001500000013038516,0.001500000013038516,2462930
2021-05-13,0.0010000000474974513,0.0010000000474974513,0.0020000000949949026,0.0010000000474974513,0.0020000000949949026,4391911
2021-05-14,0.0024999999441206455,0.0024999999441206455,0.0024999999441206455,0.001500000013038516,0.0020000000949949026,41340843
2021-05-17,0.0020000000949949026,0.0020000000949949026,0.0020000000949949026,0.0020000000949949026,0.0020000000949949026,8169123
2021-05-18,0.0020000000949949026,0.0020000000949949026,0.0020000000949949026,0.0020000000949949026,0.0020000000949949026,16947120
2021-05-19,0.0020000000949949026,0.0020000000949949026,0.0020000000949949026,0.0020000000949949026,0.0020000000949949026,5540000
2021-05-20,0.0020000000949949026,0.0020000000949949026,0.0020000000949949026,0.001500000013038516,0.0020000000949949026,4912370
2021-05-21,0.0020000000949949026,0.0020000000949949026,0.0020000000949949026,0.0020000000949949026,0.0020000000949949026,2181500
2021-05-24,0.0020000000949949026,0.0020000000949949026,0.0020000000949949026,0.0020000000949949026,0.0020000000949949026,1002488
2021-05-25,0.0020000000949949026,0.0020000000949949026,0.0020000000949949026,0.0020000000949949026,0.0020000000949949026,1622000
2021-05-26,0.0010000000474974513,0.0010000000474974513,0.0020000000949949026,0.0010000000474974513,0.0020000000949949026,1000000
